--
-- PostgreSQL database dump
--

-- Dumped from database version 13.0
-- Dumped by pg_dump version 13.0

SET statement_timeout = 0;
SET lock_timeout = 0;
SET idle_in_transaction_session_timeout = 0;
SET client_encoding = 'UTF8';
SET standard_conforming_strings = on;
SELECT pg_catalog.set_config('search_path', '', false);
SET check_function_bodies = false;
SET xmloption = content;
SET client_min_messages = warning;
SET row_security = off;

SET default_tablespace = '';

SET default_table_access_method = heap;

--
-- Name: ActiveGame; Type: TABLE; Schema: public; Owner: -
--

CREATE TABLE public."ActiveGame" (
    "Active_ID" smallint NOT NULL,
    "Game_ID" smallint NOT NULL,
    "User_Created" smallint NOT NULL,
    "isActive" boolean,
    "Players" text,
    "Kategorie" character varying,
    "CreationDate" date
);


--
-- Name: ActiveGame_Active_ID_seq; Type: SEQUENCE; Schema: public; Owner: -
--

ALTER TABLE public."ActiveGame" ALTER COLUMN "Active_ID" ADD GENERATED BY DEFAULT AS IDENTITY (
    SEQUENCE NAME public."ActiveGame_Active_ID_seq"
    START WITH 1
    INCREMENT BY 1
    NO MINVALUE
    NO MAXVALUE
    CACHE 1
);


--
-- Name: Fragen; Type: TABLE; Schema: public; Owner: -
--

CREATE TABLE public."Fragen" (
    "Fragen_ID" smallint NOT NULL,
    "Frage" character varying(255),
    "Kategorie" character varying,
    "SingleFrage" boolean,
    "GruppenFrage" boolean,
    "Game_ID" smallint NOT NULL
);


--
-- Name: Fragen_Fragen_ID_seq; Type: SEQUENCE; Schema: public; Owner: -
--

ALTER TABLE public."Fragen" ALTER COLUMN "Fragen_ID" ADD GENERATED BY DEFAULT AS IDENTITY (
    SEQUENCE NAME public."Fragen_Fragen_ID_seq"
    START WITH 1
    INCREMENT BY 1
    NO MINVALUE
    NO MAXVALUE
    CACHE 1
);


--
-- Name: Games; Type: TABLE; Schema: public; Owner: -
--

CREATE TABLE public."Games" (
    "Game_ID" integer NOT NULL,
    "Name" character varying(255),
    "Kategorien" text,
    "Public" boolean,
    "questionGame" boolean DEFAULT false
);


--
-- Name: Games_Game_ID_seq; Type: SEQUENCE; Schema: public; Owner: -
--

ALTER TABLE public."Games" ALTER COLUMN "Game_ID" ADD GENERATED BY DEFAULT AS IDENTITY (
    SEQUENCE NAME public."Games_Game_ID_seq"
    START WITH 1
    INCREMENT BY 1
    NO MINVALUE
    NO MAXVALUE
    CACHE 1
);


--
-- Name: User; Type: TABLE; Schema: public; Owner: -
--

CREATE TABLE public."User" (
    "User_ID" smallint NOT NULL,
    "Password" character varying,
    "Username" character varying,
    "Admin" boolean
);


--
-- Name: TABLE "User"; Type: COMMENT; Schema: public; Owner: -
--

COMMENT ON TABLE public."User" IS 'Angemeldete User Daten um Spiele speichern zu können';


--
-- Name: User_User_ID_seq; Type: SEQUENCE; Schema: public; Owner: -
--

ALTER TABLE public."User" ALTER COLUMN "User_ID" ADD GENERATED BY DEFAULT AS IDENTITY (
    SEQUENCE NAME public."User_User_ID_seq"
    START WITH 1
    INCREMENT BY 1
    NO MINVALUE
    NO MAXVALUE
    CACHE 1
);


--
-- Name: user_sessions; Type: TABLE; Schema: public; Owner: -
--

CREATE TABLE public.user_sessions (
    sid character varying NOT NULL,
    sess json,
    expire timestamp without time zone
);


--
-- Data for Name: ActiveGame; Type: TABLE DATA; Schema: public; Owner: -
--

INSERT INTO public."ActiveGame" ("Active_ID", "Game_ID", "User_Created", "isActive", "Players", "Kategorie", "CreationDate") VALUES (1, 1, 1, false, 'Spieler1;Spieler2', 'Party', '2023-01-22');
INSERT INTO public."ActiveGame" ("Active_ID", "Game_ID", "User_Created", "isActive", "Players", "Kategorie", "CreationDate") VALUES (2, 1, 1, true, 'Raphi,Christoph,Alex', 'Party', '2023-01-25');
INSERT INTO public."ActiveGame" ("Active_ID", "Game_ID", "User_Created", "isActive", "Players", "Kategorie", "CreationDate") VALUES (3, 1, 4, false, 'Raphi,Christoph,Alex', 'Party', '2023-02-03');
INSERT INTO public."ActiveGame" ("Active_ID", "Game_ID", "User_Created", "isActive", "Players", "Kategorie", "CreationDate") VALUES (5, 1, 4, false, 'Raphi;Test', 'TestKategorie', '2023-02-04');
INSERT INTO public."ActiveGame" ("Active_ID", "Game_ID", "User_Created", "isActive", "Players", "Kategorie", "CreationDate") VALUES (6, 1, 4, false, 'Raphi;Christoph', 'Party', '2023-02-04');
INSERT INTO public."ActiveGame" ("Active_ID", "Game_ID", "User_Created", "isActive", "Players", "Kategorie", "CreationDate") VALUES (7, 1, 4, false, 'Raphi;Christoph', 'Party', '2023-02-04');
INSERT INTO public."ActiveGame" ("Active_ID", "Game_ID", "User_Created", "isActive", "Players", "Kategorie", "CreationDate") VALUES (8, 1, 4, false, 'Raphi;Christoph', 'Party', '2023-02-04');
INSERT INTO public."ActiveGame" ("Active_ID", "Game_ID", "User_Created", "isActive", "Players", "Kategorie", "CreationDate") VALUES (9, 1, 4, false, 'Raphi;Christoph', 'Party', '2023-02-09');
INSERT INTO public."ActiveGame" ("Active_ID", "Game_ID", "User_Created", "isActive", "Players", "Kategorie", "CreationDate") VALUES (10, 1, 4, false, 'Raphi;Christoph', 'Party', '2023-02-09');
INSERT INTO public."ActiveGame" ("Active_ID", "Game_ID", "User_Created", "isActive", "Players", "Kategorie", "CreationDate") VALUES (11, 1, 4, false, 'Raphi;Christoph', 'Party', '2023-02-09');
INSERT INTO public."ActiveGame" ("Active_ID", "Game_ID", "User_Created", "isActive", "Players", "Kategorie", "CreationDate") VALUES (12, 1, 4, false, 'Raphi;Christoph', 'Party', '2023-02-09');
INSERT INTO public."ActiveGame" ("Active_ID", "Game_ID", "User_Created", "isActive", "Players", "Kategorie", "CreationDate") VALUES (13, 1, 4, false, 'Raphi;Christoph', 'Party', '2023-02-09');
INSERT INTO public."ActiveGame" ("Active_ID", "Game_ID", "User_Created", "isActive", "Players", "Kategorie", "CreationDate") VALUES (14, 1, 4, false, 'Raphi;Christoph', 'Party', '2023-02-09');
INSERT INTO public."ActiveGame" ("Active_ID", "Game_ID", "User_Created", "isActive", "Players", "Kategorie", "CreationDate") VALUES (15, 1, 4, false, 'Raphi;Christoph', 'Party', '2023-02-09');
INSERT INTO public."ActiveGame" ("Active_ID", "Game_ID", "User_Created", "isActive", "Players", "Kategorie", "CreationDate") VALUES (16, 1, 4, false, 'Raphi;Christoph', 'Party', '2023-02-09');
INSERT INTO public."ActiveGame" ("Active_ID", "Game_ID", "User_Created", "isActive", "Players", "Kategorie", "CreationDate") VALUES (17, 1, 4, false, 'Raphi;Christoph', 'Party', '2023-02-09');
INSERT INTO public."ActiveGame" ("Active_ID", "Game_ID", "User_Created", "isActive", "Players", "Kategorie", "CreationDate") VALUES (18, 1, 4, false, 'Raphi;Christoph', 'Party', '2023-02-09');
INSERT INTO public."ActiveGame" ("Active_ID", "Game_ID", "User_Created", "isActive", "Players", "Kategorie", "CreationDate") VALUES (19, 1, 4, false, 'Raphi;Christoph', 'Party', '2023-02-09');
INSERT INTO public."ActiveGame" ("Active_ID", "Game_ID", "User_Created", "isActive", "Players", "Kategorie", "CreationDate") VALUES (20, 1, 4, false, 'Raphi;Christoph', 'Party', '2023-02-09');
INSERT INTO public."ActiveGame" ("Active_ID", "Game_ID", "User_Created", "isActive", "Players", "Kategorie", "CreationDate") VALUES (21, 1, 4, false, 'Raphi;Christoph', 'Party', '2023-02-09');
INSERT INTO public."ActiveGame" ("Active_ID", "Game_ID", "User_Created", "isActive", "Players", "Kategorie", "CreationDate") VALUES (22, 1, 4, false, 'Raphi;Christoph', 'Party', '2023-02-09');
INSERT INTO public."ActiveGame" ("Active_ID", "Game_ID", "User_Created", "isActive", "Players", "Kategorie", "CreationDate") VALUES (23, 1, 4, false, 'Raphi;Christoph', 'Party', '2023-02-09');
INSERT INTO public."ActiveGame" ("Active_ID", "Game_ID", "User_Created", "isActive", "Players", "Kategorie", "CreationDate") VALUES (24, 1, 4, false, 'Raphi;Christoph', 'Party', '2023-02-09');
INSERT INTO public."ActiveGame" ("Active_ID", "Game_ID", "User_Created", "isActive", "Players", "Kategorie", "CreationDate") VALUES (25, 1, 4, false, 'Raphi;Christoph', 'Party', '2023-02-09');
INSERT INTO public."ActiveGame" ("Active_ID", "Game_ID", "User_Created", "isActive", "Players", "Kategorie", "CreationDate") VALUES (26, 1, 4, false, 'Raphi;Christoph', 'Party', '2023-02-09');
INSERT INTO public."ActiveGame" ("Active_ID", "Game_ID", "User_Created", "isActive", "Players", "Kategorie", "CreationDate") VALUES (27, 1, 4, false, 'Raphi;Christoph', 'Party', '2023-02-09');
INSERT INTO public."ActiveGame" ("Active_ID", "Game_ID", "User_Created", "isActive", "Players", "Kategorie", "CreationDate") VALUES (28, 1, 4, false, 'Raphi;Christoph', 'Party', '2023-02-09');
INSERT INTO public."ActiveGame" ("Active_ID", "Game_ID", "User_Created", "isActive", "Players", "Kategorie", "CreationDate") VALUES (29, 1, 4, false, 'Raphi;Christoph', 'Party', '2023-02-09');
INSERT INTO public."ActiveGame" ("Active_ID", "Game_ID", "User_Created", "isActive", "Players", "Kategorie", "CreationDate") VALUES (30, 1, 4, false, 'Raphi;Christoph', 'Party', '2023-02-09');
INSERT INTO public."ActiveGame" ("Active_ID", "Game_ID", "User_Created", "isActive", "Players", "Kategorie", "CreationDate") VALUES (31, 1, 4, false, 'Raphi;Christoph', 'Party', '2023-02-09');
INSERT INTO public."ActiveGame" ("Active_ID", "Game_ID", "User_Created", "isActive", "Players", "Kategorie", "CreationDate") VALUES (32, 2, 4, false, 'Raphi;Christoph', 'Party', '2023-02-09');
INSERT INTO public."ActiveGame" ("Active_ID", "Game_ID", "User_Created", "isActive", "Players", "Kategorie", "CreationDate") VALUES (33, 1, 4, true, 'Raphi;Christoph', 'Party', '2023-03-01');


--
-- Data for Name: Fragen; Type: TABLE DATA; Schema: public; Owner: -
--

INSERT INTO public."Fragen" ("Fragen_ID", "Frage", "Kategorie", "SingleFrage", "GruppenFrage", "Game_ID") VALUES (70, 'Alle die in einer Beziehung sind müssen einen Shot verteilen.', 'Party', false, true, 1);
INSERT INTO public."Fragen" ("Fragen_ID", "Frage", "Kategorie", "SingleFrage", "GruppenFrage", "Game_ID") VALUES (71, 'Jeder tauscht sein Getränk mit der Person gegenüber von ihr', 'Party', false, true, 1);
INSERT INTO public."Fragen" ("Fragen_ID", "Frage", "Kategorie", "SingleFrage", "GruppenFrage", "Game_ID") VALUES (72, 'X spiele mit einer Person „Schere, Stein, Papier“, wer verliert, trinkt.', 'Party', true, false, 1);
INSERT INTO public."Fragen" ("Fragen_ID", "Frage", "Kategorie", "SingleFrage", "GruppenFrage", "Game_ID") VALUES (73, 'Mystery Shot – X deine Mitspieler mischen dir einen Shot aus beliebigen Getränken. Du darfst in nicht sehen! ', 'Party', true, false, 1);
INSERT INTO public."Fragen" ("Fragen_ID", "Frage", "Kategorie", "SingleFrage", "GruppenFrage", "Game_ID") VALUES (74, 'Medusa – Stellt eine beliebige Menge Schnaps auf den Tisch. Schaut nach unten und hebt gleichzeitig die Köpfe. Jeder Spieler starrt einen anderen an. Schaut dieser zurück, ruft ihr “Medusa!” und trinkt. Das Spiel geht so lange, bis alle Shots leer sind.', 'Party', false, true, 1);
INSERT INTO public."Fragen" ("Fragen_ID", "Frage", "Kategorie", "SingleFrage", "GruppenFrage", "Game_ID") VALUES (75, 'X klingel bei deinem Nachbarn und frage nach einem Kondom', 'Party', true, false, 1);
INSERT INTO public."Fragen" ("Fragen_ID", "Frage", "Kategorie", "SingleFrage", "GruppenFrage", "Game_ID") VALUES (2, 'X du darfst 2 Schlücke verteilen!', 'Party', true, false, 1);
INSERT INTO public."Fragen" ("Fragen_ID", "Frage", "Kategorie", "SingleFrage", "GruppenFrage", "Game_ID") VALUES (7, 'Jeder Junge trinkt einen Schluck', 'Party', false, true, 1);
INSERT INTO public."Fragen" ("Fragen_ID", "Frage", "Kategorie", "SingleFrage", "GruppenFrage", "Game_ID") VALUES (4, 'X wenn du schon mal was gestohlen hast, trinke 2 Schlücke', 'Party', true, false, 1);
INSERT INTO public."Fragen" ("Fragen_ID", "Frage", "Kategorie", "SingleFrage", "GruppenFrage", "Game_ID") VALUES (76, 'X erklär deinen Mitspielern dein Lieblings Porno Genre und wieso du es so gerne magst', 'Party', true, false, 1);
INSERT INTO public."Fragen" ("Fragen_ID", "Frage", "Kategorie", "SingleFrage", "GruppenFrage", "Game_ID") VALUES (9, 'Ich habe noch nie betrogen.', 'Party', false, true, 2);
INSERT INTO public."Fragen" ("Fragen_ID", "Frage", "Kategorie", "SingleFrage", "GruppenFrage", "Game_ID") VALUES (8, 'Ich hab noch nie am Klo Sex gehabt', 'Party', false, true, 2);
INSERT INTO public."Fragen" ("Fragen_ID", "Frage", "Kategorie", "SingleFrage", "GruppenFrage", "Game_ID") VALUES (10, 'Ich habe noch nie gestohlen.', 'Party', false, true, 2);
INSERT INTO public."Fragen" ("Fragen_ID", "Frage", "Kategorie", "SingleFrage", "GruppenFrage", "Game_ID") VALUES (12, 'Ich habe noch nie Drogen ausprobiert.', 'Party', false, true, 2);
INSERT INTO public."Fragen" ("Fragen_ID", "Frage", "Kategorie", "SingleFrage", "GruppenFrage", "Game_ID") VALUES (13, 'Ich habe noch nie Handschellen getragen.', 'Party', false, true, 2);
INSERT INTO public."Fragen" ("Fragen_ID", "Frage", "Kategorie", "SingleFrage", "GruppenFrage", "Game_ID") VALUES (14, 'Ich habe mich noch nie in ein Familienmitglied verliebt.', 'Party', false, true, 2);
INSERT INTO public."Fragen" ("Fragen_ID", "Frage", "Kategorie", "SingleFrage", "GruppenFrage", "Game_ID") VALUES (15, 'Ich habe mich noch nie geprügelt.', 'Party', false, true, 2);
INSERT INTO public."Fragen" ("Fragen_ID", "Frage", "Kategorie", "SingleFrage", "GruppenFrage", "Game_ID") VALUES (16, 'Ich habe noch nie jemanden wissentlich um Geld betrogen.', 'Party', false, true, 2);
INSERT INTO public."Fragen" ("Fragen_ID", "Frage", "Kategorie", "SingleFrage", "GruppenFrage", "Game_ID") VALUES (17, 'Ich habe noch nie Vandalismus betrieben', 'Party', false, true, 2);
INSERT INTO public."Fragen" ("Fragen_ID", "Frage", "Kategorie", "SingleFrage", "GruppenFrage", "Game_ID") VALUES (18, 'Ich habe mir noch nie gewünscht, mit jemanden den Körper tauschen zu können.', 'Party', false, true, 2);
INSERT INTO public."Fragen" ("Fragen_ID", "Frage", "Kategorie", "SingleFrage", "GruppenFrage", "Game_ID") VALUES (20, 'Ich habe noch nie einen Gegenstand absichtlich kaputt gemacht, weil ich neidisch war.', 'Party', false, true, 2);
INSERT INTO public."Fragen" ("Fragen_ID", "Frage", "Kategorie", "SingleFrage", "GruppenFrage", "Game_ID") VALUES (21, 'Ich habe noch nie im Zorn Gegenstände nach jemanden geworfen.', 'Party', false, true, 2);
INSERT INTO public."Fragen" ("Fragen_ID", "Frage", "Kategorie", "SingleFrage", "GruppenFrage", "Game_ID") VALUES (22, 'Ich habe noch nie die Toilette des anderen Geschlechts benutzt.', 'Party', false, true, 2);
INSERT INTO public."Fragen" ("Fragen_ID", "Frage", "Kategorie", "SingleFrage", "GruppenFrage", "Game_ID") VALUES (23, 'Ich habe noch nie jemanden gestalkt.', 'Party', false, true, 2);
INSERT INTO public."Fragen" ("Fragen_ID", "Frage", "Kategorie", "SingleFrage", "GruppenFrage", "Game_ID") VALUES (24, 'Ich bin noch nie jemanden Fremdgegangen', '18+', false, true, 2);
INSERT INTO public."Fragen" ("Fragen_ID", "Frage", "Kategorie", "SingleFrage", "GruppenFrage", "Game_ID") VALUES (25, 'Ich bin noch nie jemanden Fremdgegangen', 'Party', false, true, 2);
INSERT INTO public."Fragen" ("Fragen_ID", "Frage", "Kategorie", "SingleFrage", "GruppenFrage", "Game_ID") VALUES (26, 'Ich hab noch nie am Klo Sex gehabt', '18+', false, true, 2);
INSERT INTO public."Fragen" ("Fragen_ID", "Frage", "Kategorie", "SingleFrage", "GruppenFrage", "Game_ID") VALUES (27, 'Jeder trinkt die Anzahl an schlücken mit wie viele Personen er am Tisch schlafen möchte ', 'Party', false, true, 1);
INSERT INTO public."Fragen" ("Fragen_ID", "Frage", "Kategorie", "SingleFrage", "GruppenFrage", "Game_ID") VALUES (28, 'Ich hatte noch nie was mit einer verheirateten Person', 'Party', false, true, 2);
INSERT INTO public."Fragen" ("Fragen_ID", "Frage", "Kategorie", "SingleFrage", "GruppenFrage", "Game_ID") VALUES (29, 'Ich hatte noch nie was mit einer verheirateten Person', '18+', false, true, 2);
INSERT INTO public."Fragen" ("Fragen_ID", "Frage", "Kategorie", "SingleFrage", "GruppenFrage", "Game_ID") VALUES (30, 'X wähle einen Trink-Buddy aus', 'Party', true, false, 1);
INSERT INTO public."Fragen" ("Fragen_ID", "Frage", "Kategorie", "SingleFrage", "GruppenFrage", "Game_ID") VALUES (31, 'X was ist dein Bodycount', 'Party', true, false, 1);
INSERT INTO public."Fragen" ("Fragen_ID", "Frage", "Kategorie", "SingleFrage", "GruppenFrage", "Game_ID") VALUES (32, 'X ex dein Glas', 'Party', true, false, 1);
INSERT INTO public."Fragen" ("Fragen_ID", "Frage", "Kategorie", "SingleFrage", "GruppenFrage", "Game_ID") VALUES (33, 'Ich habe noch nie mich selbst geschmeckt', 'Party', false, true, 2);
INSERT INTO public."Fragen" ("Fragen_ID", "Frage", "Kategorie", "SingleFrage", "GruppenFrage", "Game_ID") VALUES (34, 'Ich habe noch nie mich selbst geschmeckt', '18+', false, true, 2);
INSERT INTO public."Fragen" ("Fragen_ID", "Frage", "Kategorie", "SingleFrage", "GruppenFrage", "Game_ID") VALUES (35, 'Ich habe noch nie so gelacht, dass ich in meine Hose gepinkelt habe', 'Party', false, true, 2);
INSERT INTO public."Fragen" ("Fragen_ID", "Frage", "Kategorie", "SingleFrage", "GruppenFrage", "Game_ID") VALUES (36, 'Ich habe noch nie Nacktfotos von mir / jemandem gemacht', 'Party', false, true, 2);
INSERT INTO public."Fragen" ("Fragen_ID", "Frage", "Kategorie", "SingleFrage", "GruppenFrage", "Game_ID") VALUES (37, 'Ich habe noch nie Nacktfotos von mir / jemandem gemacht', '18+', false, true, 2);
INSERT INTO public."Fragen" ("Fragen_ID", "Frage", "Kategorie", "SingleFrage", "GruppenFrage", "Game_ID") VALUES (38, 'Wer sich nicht traut, seinen rechten Nachbarn auf den Mund zu küssen, muss ein Glas auf ex trinken.', 'Party', false, true, 1);
INSERT INTO public."Fragen" ("Fragen_ID", "Frage", "Kategorie", "SingleFrage", "GruppenFrage", "Game_ID") VALUES (39, 'X singe eine Strophe eines Songs, den sich die anderen wünschen, fehlerfrei. Wenn du es nicht schafft, müsst du zwei Shots trinken.', 'Party', true, false, 1);
INSERT INTO public."Fragen" ("Fragen_ID", "Frage", "Kategorie", "SingleFrage", "GruppenFrage", "Game_ID") VALUES (40, 'X trinke innerhalb von 10 Sekunden das Glas aus', 'Party', true, false, 1);
INSERT INTO public."Fragen" ("Fragen_ID", "Frage", "Kategorie", "SingleFrage", "GruppenFrage", "Game_ID") VALUES (41, 'Ihr dürft nur aufs Klo gehen, nachdem ihr einen Shot getrunken habt', 'Party', false, true, 1);
INSERT INTO public."Fragen" ("Fragen_ID", "Frage", "Kategorie", "SingleFrage", "GruppenFrage", "Game_ID") VALUES (42, 'X du darft eine halbe Stunde keine Frage stellen oder du musst einen Shot trinken.', 'Party', true, false, 1);
INSERT INTO public."Fragen" ("Fragen_ID", "Frage", "Kategorie", "SingleFrage", "GruppenFrage", "Game_ID") VALUES (43, 'X  welche Straftat hast du schon mal begangen?', 'Party', true, false, 1);
INSERT INTO public."Fragen" ("Fragen_ID", "Frage", "Kategorie", "SingleFrage", "GruppenFrage", "Game_ID") VALUES (44, ' X  welches ist der merkwürdigste Ort, an dem du gepinkelt hast?', 'Party', true, false, 1);
INSERT INTO public."Fragen" ("Fragen_ID", "Frage", "Kategorie", "SingleFrage", "GruppenFrage", "Game_ID") VALUES (45, 'X mit welcher Person im Raum würdest du am ehesten knutschen?', 'Party', true, false, 1);
INSERT INTO public."Fragen" ("Fragen_ID", "Frage", "Kategorie", "SingleFrage", "GruppenFrage", "Game_ID") VALUES (46, 'X heule zehn Sekunden lang wie ein Wolf.', 'Party', true, false, 1);
INSERT INTO public."Fragen" ("Fragen_ID", "Frage", "Kategorie", "SingleFrage", "GruppenFrage", "Game_ID") VALUES (47, 'X finde heraus, wessen Haare am besten riechen.', 'Party', true, false, 1);
INSERT INTO public."Fragen" ("Fragen_ID", "Frage", "Kategorie", "SingleFrage", "GruppenFrage", "Game_ID") VALUES (48, 'X iss eine Banane in einem verführerischen Stil.', 'Party', true, false, 1);
INSERT INTO public."Fragen" ("Fragen_ID", "Frage", "Kategorie", "SingleFrage", "GruppenFrage", "Game_ID") VALUES (49, 'X ziehe ein Kleidungsstück aus.', 'Party', true, false, 1);
INSERT INTO public."Fragen" ("Fragen_ID", "Frage", "Kategorie", "SingleFrage", "GruppenFrage", "Game_ID") VALUES (50, 'X zeige der Gruppe die letzte Textnachricht, die du am Handy empfangen hast.', 'Party', true, false, 1);
INSERT INTO public."Fragen" ("Fragen_ID", "Frage", "Kategorie", "SingleFrage", "GruppenFrage", "Game_ID") VALUES (51, 'Alle drinken einen Schluck/Shot', 'Party', false, true, 1);
INSERT INTO public."Fragen" ("Fragen_ID", "Frage", "Kategorie", "SingleFrage", "GruppenFrage", "Game_ID") VALUES (52, 'Alle exen ihr Glas', 'Party', false, true, 1);
INSERT INTO public."Fragen" ("Fragen_ID", "Frage", "Kategorie", "SingleFrage", "GruppenFrage", "Game_ID") VALUES (53, 'X Flüster der Person gegenüber etwas heißes ins Ohr.', 'Party', true, false, 1);
INSERT INTO public."Fragen" ("Fragen_ID", "Frage", "Kategorie", "SingleFrage", "GruppenFrage", "Game_ID") VALUES (54, 'Jeder Zeigt das neuste Bild in seiner Galerie', 'Party', false, true, 1);
INSERT INTO public."Fragen" ("Fragen_ID", "Frage", "Kategorie", "SingleFrage", "GruppenFrage", "Game_ID") VALUES (55, 'Alle Mädels trinken einen Schluck', 'Party', false, true, 1);
INSERT INTO public."Fragen" ("Fragen_ID", "Frage", "Kategorie", "SingleFrage", "GruppenFrage", "Game_ID") VALUES (56, 'X du hast dich schlecht verhalten. Stell dich eine Runde in die Ecke und schäm dich. ', 'Party', true, false, 1);
INSERT INTO public."Fragen" ("Fragen_ID", "Frage", "Kategorie", "SingleFrage", "GruppenFrage", "Game_ID") VALUES (57, 'X du hast 5 Minuten, einen Song über eine*n Mitspieler*in zu schreiben – sing ihn dann allen vor.', 'Party', true, false, 1);
INSERT INTO public."Fragen" ("Fragen_ID", "Frage", "Kategorie", "SingleFrage", "GruppenFrage", "Game_ID") VALUES (58, 'X du musst drei Runden lang das Haustier von einem aus eurer Runde spielen.', 'Party', true, false, 1);
INSERT INTO public."Fragen" ("Fragen_ID", "Frage", "Kategorie", "SingleFrage", "GruppenFrage", "Game_ID") VALUES (59, 'X Rufe beim Pizzadienst an und überzeuge sie, dich adoptieren zu müssen.', 'Party', true, false, 1);
INSERT INTO public."Fragen" ("Fragen_ID", "Frage", "Kategorie", "SingleFrage", "GruppenFrage", "Game_ID") VALUES (60, 'Jeder Tauscht sein Oberteil mit der Person rechts von einem', 'Party', false, true, 1);
INSERT INTO public."Fragen" ("Fragen_ID", "Frage", "Kategorie", "SingleFrage", "GruppenFrage", "Game_ID") VALUES (61, 'X die Person links von dir, darf dir etwas ins Gesicht malen.', 'Party', true, false, 1);
INSERT INTO public."Fragen" ("Fragen_ID", "Frage", "Kategorie", "SingleFrage", "GruppenFrage", "Game_ID") VALUES (62, 'X zeig deinen Suchverlauf auf Google', 'Party', true, false, 1);
INSERT INTO public."Fragen" ("Fragen_ID", "Frage", "Kategorie", "SingleFrage", "GruppenFrage", "Game_ID") VALUES (63, 'Wer eine Jeans anhat, muss trinken.', 'Party', false, true, 1);
INSERT INTO public."Fragen" ("Fragen_ID", "Frage", "Kategorie", "SingleFrage", "GruppenFrage", "Game_ID") VALUES (64, 'X wie schafft man es am besten dich zu erregen?', 'Party', true, false, 1);
INSERT INTO public."Fragen" ("Fragen_ID", "Frage", "Kategorie", "SingleFrage", "GruppenFrage", "Game_ID") VALUES (65, 'X wie schafft man es am besten dich zu erregen?', 'Party', true, false, 1);
INSERT INTO public."Fragen" ("Fragen_ID", "Frage", "Kategorie", "SingleFrage", "GruppenFrage", "Game_ID") VALUES (66, 'X wie kriegt man dich am besten rum?', 'Party', true, false, 1);
INSERT INTO public."Fragen" ("Fragen_ID", "Frage", "Kategorie", "SingleFrage", "GruppenFrage", "Game_ID") VALUES (67, 'X was war das gemeinste, was du je getan hast?', 'Party', true, false, 1);
INSERT INTO public."Fragen" ("Fragen_ID", "Frage", "Kategorie", "SingleFrage", "GruppenFrage", "Game_ID") VALUES (68, 'X was glaubst du: Welchem Tier siehst du ähnlich?', 'Party', true, false, 1);
INSERT INTO public."Fragen" ("Fragen_ID", "Frage", "Kategorie", "SingleFrage", "GruppenFrage", "Game_ID") VALUES (69, 'Alle Singles müssen einen Shot verteilen.', 'Party', false, true, 1);
INSERT INTO public."Fragen" ("Fragen_ID", "Frage", "Kategorie", "SingleFrage", "GruppenFrage", "Game_ID") VALUES (77, 'X wie stehst du zu Fuß-Fetischen?', 'Party', true, false, 1);
INSERT INTO public."Fragen" ("Fragen_ID", "Frage", "Kategorie", "SingleFrage", "GruppenFrage", "Game_ID") VALUES (78, 'X auf was könntest du eher verzichten: Alkohol oder Sex?', 'Party', true, false, 1);
INSERT INTO public."Fragen" ("Fragen_ID", "Frage", "Kategorie", "SingleFrage", "GruppenFrage", "Game_ID") VALUES (79, 'X ruf eine Person deiner Wahl an und wünsche ihr ein frohes neues Jahr', 'Party', true, false, 1);
INSERT INTO public."Fragen" ("Fragen_ID", "Frage", "Kategorie", "SingleFrage", "GruppenFrage", "Game_ID") VALUES (80, 'Alle Personen  die  diesen Monat Geburtstag haben  trinken 2 Geburtstags Shot', 'Party', false, true, 1);
INSERT INTO public."Fragen" ("Fragen_ID", "Frage", "Kategorie", "SingleFrage", "GruppenFrage", "Game_ID") VALUES (19, 'Ich habe noch nie über jemanden Lügen verbreitet.', 'Party', false, true, 2);
INSERT INTO public."Fragen" ("Fragen_ID", "Frage", "Kategorie", "SingleFrage", "GruppenFrage", "Game_ID") VALUES (82, 'Ich hab noch nie den eigenen Furz genüsslich gerochen', 'Party', false, true, 2);
INSERT INTO public."Fragen" ("Fragen_ID", "Frage", "Kategorie", "SingleFrage", "GruppenFrage", "Game_ID") VALUES (81, 'Ich hab noch nie auf die Klobrille gepinkelt', 'Party', false, true, 2);
INSERT INTO public."Fragen" ("Fragen_ID", "Frage", "Kategorie", "SingleFrage", "GruppenFrage", "Game_ID") VALUES (83, 'Ich hab noch nie mehr als 200€ an einem Tag beim Feiern ausgegeben', 'Party', false, true, 2);
INSERT INTO public."Fragen" ("Fragen_ID", "Frage", "Kategorie", "SingleFrage", "GruppenFrage", "Game_ID") VALUES (84, 'Ich hab noch nie als Vorbereitung auf ein Date geübt zu küssen', 'Party', false, true, 2);
INSERT INTO public."Fragen" ("Fragen_ID", "Frage", "Kategorie", "SingleFrage", "GruppenFrage", "Game_ID") VALUES (160, 'Ich habe noch nie beim ersten Date geküsst', '18+', false, true, 2);
INSERT INTO public."Fragen" ("Fragen_ID", "Frage", "Kategorie", "SingleFrage", "GruppenFrage", "Game_ID") VALUES (85, 'Ich hab noch nie „Ich liebe dich“ gesagt, obwohl es nicht stimmte', 'Party', false, true, 2);
INSERT INTO public."Fragen" ("Fragen_ID", "Frage", "Kategorie", "SingleFrage", "GruppenFrage", "Game_ID") VALUES (86, 'Ich hab noch nie eine vergebene Person geküsst', 'Party', false, true, 2);
INSERT INTO public."Fragen" ("Fragen_ID", "Frage", "Kategorie", "SingleFrage", "GruppenFrage", "Game_ID") VALUES (87, 'Ich wurde noch nie aus dem Club geworfen, weil ich mich unangemessen verhalten habe', 'Party', false, true, 2);
INSERT INTO public."Fragen" ("Fragen_ID", "Frage", "Kategorie", "SingleFrage", "GruppenFrage", "Game_ID") VALUES (88, 'Ich hab mich noch nie auf ein Date eingelassen, einfach aus dem Grund, weil ich nicht bezahlen wollte', 'Party', false, true, 2);
INSERT INTO public."Fragen" ("Fragen_ID", "Frage", "Kategorie", "SingleFrage", "GruppenFrage", "Game_ID") VALUES (89, 'Ich hab mich noch nie krankgemeldet, weil ich keinen Bock auf meine Arbeit hatte', 'Party', false, true, 2);
INSERT INTO public."Fragen" ("Fragen_ID", "Frage", "Kategorie", "SingleFrage", "GruppenFrage", "Game_ID") VALUES (90, 'Ich hab noch nie Probleme mit der Polizei gehabt', 'Party', false, true, 2);
INSERT INTO public."Fragen" ("Fragen_ID", "Frage", "Kategorie", "SingleFrage", "GruppenFrage", "Game_ID") VALUES (91, 'Ich hab noch nie schon beim Vortrinken gekotzt', 'Party', false, true, 2);
INSERT INTO public."Fragen" ("Fragen_ID", "Frage", "Kategorie", "SingleFrage", "GruppenFrage", "Game_ID") VALUES (92, 'Ich hab noch nie im Suff ein Straßenschild geklaut', 'Party', false, true, 2);
INSERT INTO public."Fragen" ("Fragen_ID", "Frage", "Kategorie", "SingleFrage", "GruppenFrage", "Game_ID") VALUES (93, 'Ich hab noch nie von einem Alkohol so hart gekotzt, dass ich ihn bis heute nicht trinken kann', 'Party', false, true, 2);
INSERT INTO public."Fragen" ("Fragen_ID", "Frage", "Kategorie", "SingleFrage", "GruppenFrage", "Game_ID") VALUES (94, 'Ich bin noch nie nach einer wilden Nacht irgendwo draußen aufgewacht', 'Party', false, true, 2);
INSERT INTO public."Fragen" ("Fragen_ID", "Frage", "Kategorie", "SingleFrage", "GruppenFrage", "Game_ID") VALUES (95, 'Ich hab noch nie meinen Eltern Geld geklaut', 'Party', false, true, 2);
INSERT INTO public."Fragen" ("Fragen_ID", "Frage", "Kategorie", "SingleFrage", "GruppenFrage", "Game_ID") VALUES (96, 'Ich hab noch nie die Bar verlassen, ohne zu bezahlen', 'Party', false, true, 2);
INSERT INTO public."Fragen" ("Fragen_ID", "Frage", "Kategorie", "SingleFrage", "GruppenFrage", "Game_ID") VALUES (97, 'Ich hab noch nie mit einem Lehrer/einer Lehrerin geflirtet.', 'Party', false, true, 2);
INSERT INTO public."Fragen" ("Fragen_ID", "Frage", "Kategorie", "SingleFrage", "GruppenFrage", "Game_ID") VALUES (98, 'Ich hab noch nie draußen geschlafen, als ich betrunken war.', 'Party', false, true, 2);
INSERT INTO public."Fragen" ("Fragen_ID", "Frage", "Kategorie", "SingleFrage", "GruppenFrage", "Game_ID") VALUES (99, 'Ich hab mich noch nie gefürchtet, weil ich potentiell schwanger war.', 'Party', false, true, 2);
INSERT INTO public."Fragen" ("Fragen_ID", "Frage", "Kategorie", "SingleFrage", "GruppenFrage", "Game_ID") VALUES (100, 'Ich hab noch nie getrunken, um selbstbewusster zu sein.', 'Party', false, true, 2);
INSERT INTO public."Fragen" ("Fragen_ID", "Frage", "Kategorie", "SingleFrage", "GruppenFrage", "Game_ID") VALUES (101, ' Ich hab noch nie eine betrunkene Voicemail hinterlassen.', 'Party', false, true, 2);
INSERT INTO public."Fragen" ("Fragen_ID", "Frage", "Kategorie", "SingleFrage", "GruppenFrage", "Game_ID") VALUES (102, 'Ich hab noch nie so heftig gelacht, dass ich in die Hose gemacht habe.', 'Party', false, true, 2);
INSERT INTO public."Fragen" ("Fragen_ID", "Frage", "Kategorie", "SingleFrage", "GruppenFrage", "Game_ID") VALUES (103, 'Ich hab noch nie einen gefälschten Ausweis benutzt.', 'Party', false, true, 2);
INSERT INTO public."Fragen" ("Fragen_ID", "Frage", "Kategorie", "SingleFrage", "GruppenFrage", "Game_ID") VALUES (104, 'Ich hab noch nie eine versaute Nachricht an die falsche Person geschickt.', 'Party', false, true, 2);
INSERT INTO public."Fragen" ("Fragen_ID", "Frage", "Kategorie", "SingleFrage", "GruppenFrage", "Game_ID") VALUES (105, 'Ich hab noch nie jemanden wegen meiner Nummer belogen.', 'Party', false, true, 2);
INSERT INTO public."Fragen" ("Fragen_ID", "Frage", "Kategorie", "SingleFrage", "GruppenFrage", "Game_ID") VALUES (106, 'Ich hab noch nie längliche Lebensmittel (Gurke, Karotte etc.) zur Selbstbefriedigung benutzt', '18+', false, true, 2);
INSERT INTO public."Fragen" ("Fragen_ID", "Frage", "Kategorie", "SingleFrage", "GruppenFrage", "Game_ID") VALUES (107, 'Ich hab noch nie beim Sex gedacht “wann ist es endlich vorbei”', '18+', false, true, 2);
INSERT INTO public."Fragen" ("Fragen_ID", "Frage", "Kategorie", "SingleFrage", "GruppenFrage", "Game_ID") VALUES (108, 'Ich hab noch nie beim Sex gedacht “wann ist es endlich vorbei”', 'Party', false, true, 2);
INSERT INTO public."Fragen" ("Fragen_ID", "Frage", "Kategorie", "SingleFrage", "GruppenFrage", "Game_ID") VALUES (109, 'Ich hab noch nie Sex gehabt, den ich jetzt bereue', '18+', false, true, 2);
INSERT INTO public."Fragen" ("Fragen_ID", "Frage", "Kategorie", "SingleFrage", "GruppenFrage", "Game_ID") VALUES (110, 'Ich hab noch nie Sex gehabt, den ich jetzt bereue', 'Party', false, true, 2);
INSERT INTO public."Fragen" ("Fragen_ID", "Frage", "Kategorie", "SingleFrage", "GruppenFrage", "Game_ID") VALUES (111, 'Ich hab noch nie ein Bild verschickt, das ich besser nicht verschickt hätte', '18+', false, true, 2);
INSERT INTO public."Fragen" ("Fragen_ID", "Frage", "Kategorie", "SingleFrage", "GruppenFrage", "Game_ID") VALUES (112, 'Ich hab noch nie ein Bild verschickt, das ich besser nicht verschickt hätte', 'Party', false, true, 2);
INSERT INTO public."Fragen" ("Fragen_ID", "Frage", "Kategorie", "SingleFrage", "GruppenFrage", "Game_ID") VALUES (113, 'Ich hab noch nie meinen Intimbereich fotografiert', 'Party', false, true, 2);
INSERT INTO public."Fragen" ("Fragen_ID", "Frage", "Kategorie", "SingleFrage", "GruppenFrage", "Game_ID") VALUES (114, 'Ich hab noch nie meinen Intimbereich fotografiert', '18+', false, true, 2);
INSERT INTO public."Fragen" ("Fragen_ID", "Frage", "Kategorie", "SingleFrage", "GruppenFrage", "Game_ID") VALUES (115, 'Ich hab noch nie ein von Sex mit einem Freund (oder nenne einen Freund, von dem du es vermutest ;) ) phantasiert', '18+', false, true, 2);
INSERT INTO public."Fragen" ("Fragen_ID", "Frage", "Kategorie", "SingleFrage", "GruppenFrage", "Game_ID") VALUES (116, 'Ich hab noch nie ein von Sex mit einem Freund (oder nenne einen Freund, von dem du es vermutest ;) ) phantasiert', 'Party', false, true, 2);
INSERT INTO public."Fragen" ("Fragen_ID", "Frage", "Kategorie", "SingleFrage", "GruppenFrage", "Game_ID") VALUES (117, 'Ich hab noch nie nach dem Sex masturbiert', 'Party', false, true, 2);
INSERT INTO public."Fragen" ("Fragen_ID", "Frage", "Kategorie", "SingleFrage", "GruppenFrage", "Game_ID") VALUES (118, 'Ich hab noch nie nach dem Sex masturbiert', '18+', false, true, 2);
INSERT INTO public."Fragen" ("Fragen_ID", "Frage", "Kategorie", "SingleFrage", "GruppenFrage", "Game_ID") VALUES (119, 'Ich hab noch nie eine Stellung aus dem Kamasutra ausprobiert', '18+', false, true, 2);
INSERT INTO public."Fragen" ("Fragen_ID", "Frage", "Kategorie", "SingleFrage", "GruppenFrage", "Game_ID") VALUES (120, 'Ich hab noch nie eine Stellung aus dem Kamasutra ausprobiert', 'Party', false, true, 2);
INSERT INTO public."Fragen" ("Fragen_ID", "Frage", "Kategorie", "SingleFrage", "GruppenFrage", "Game_ID") VALUES (121, 'Ich hab noch nie einen Orgasmus vorgetäuscht', '18+', false, true, 2);
INSERT INTO public."Fragen" ("Fragen_ID", "Frage", "Kategorie", "SingleFrage", "GruppenFrage", "Game_ID") VALUES (122, 'Ich hab noch nie einer Person auf den Hintern gestarrt, die gerade mitspielt', 'Party', false, true, 2);
INSERT INTO public."Fragen" ("Fragen_ID", "Frage", "Kategorie", "SingleFrage", "GruppenFrage", "Game_ID") VALUES (123, 'Ich hab noch nie einer Person auf den Hintern gestarrt, die gerade mitspielt', '18+', false, true, 2);
INSERT INTO public."Fragen" ("Fragen_ID", "Frage", "Kategorie", "SingleFrage", "GruppenFrage", "Game_ID") VALUES (124, 'Ich hab noch nie davon geträumt eine Person zu küssen, die gerade mitspielt', '18+', false, true, 2);
INSERT INTO public."Fragen" ("Fragen_ID", "Frage", "Kategorie", "SingleFrage", "GruppenFrage", "Game_ID") VALUES (125, 'Ich hab noch nie davon geträumt eine Person zu küssen, die gerade mitspielt', 'Party', false, true, 2);
INSERT INTO public."Fragen" ("Fragen_ID", "Frage", "Kategorie", "SingleFrage", "GruppenFrage", "Game_ID") VALUES (126, 'Ich hab noch nie davon geträumt mit einer Person zu schlafen die gerade mitspielt', 'Party', false, true, 2);
INSERT INTO public."Fragen" ("Fragen_ID", "Frage", "Kategorie", "SingleFrage", "GruppenFrage", "Game_ID") VALUES (127, 'Ich hab noch nie davon geträumt mit einer Person zu schlafen die gerade mitspielt', '18+', false, true, 2);
INSERT INTO public."Fragen" ("Fragen_ID", "Frage", "Kategorie", "SingleFrage", "GruppenFrage", "Game_ID") VALUES (128, 'Ich hab noch nie beim Sex gelacht', '18+', false, true, 2);
INSERT INTO public."Fragen" ("Fragen_ID", "Frage", "Kategorie", "SingleFrage", "GruppenFrage", "Game_ID") VALUES (129, 'Ich hab noch nie beim Sex gelacht', 'Party', false, true, 2);
INSERT INTO public."Fragen" ("Fragen_ID", "Frage", "Kategorie", "SingleFrage", "GruppenFrage", "Game_ID") VALUES (130, 'Ich hab noch nie im Bett rollengespielt.', '18+', false, true, 2);
INSERT INTO public."Fragen" ("Fragen_ID", "Frage", "Kategorie", "SingleFrage", "GruppenFrage", "Game_ID") VALUES (131, 'Ich hatte noch nie einen One-Night-Stand und blieb danach zum Frühstück.', 'Party', false, true, 2);
INSERT INTO public."Fragen" ("Fragen_ID", "Frage", "Kategorie", "SingleFrage", "GruppenFrage", "Game_ID") VALUES (132, 'Ich hatte noch nie einen One-Night-Stand und blieb danach zum Frühstück.', '18+', false, true, 2);
INSERT INTO public."Fragen" ("Fragen_ID", "Frage", "Kategorie", "SingleFrage", "GruppenFrage", "Game_ID") VALUES (133, 'Ich hab noch nie mehr als eine Person innerhalb von 24 Stunden geküsst.', '18+', false, true, 2);
INSERT INTO public."Fragen" ("Fragen_ID", "Frage", "Kategorie", "SingleFrage", "GruppenFrage", "Game_ID") VALUES (134, 'Ich hab noch nie mehr als eine Person innerhalb von 24 Stunden geküsst.', 'Party', false, true, 2);
INSERT INTO public."Fragen" ("Fragen_ID", "Frage", "Kategorie", "SingleFrage", "GruppenFrage", "Game_ID") VALUES (135, 'Ich habe noch nie über die Anzahl meiner Sexualpartner gelogen', 'Party', false, true, 2);
INSERT INTO public."Fragen" ("Fragen_ID", "Frage", "Kategorie", "SingleFrage", "GruppenFrage", "Game_ID") VALUES (136, 'Ich habe noch nie über die Anzahl meiner Sexualpartner gelogen', '18+', false, true, 2);
INSERT INTO public."Fragen" ("Fragen_ID", "Frage", "Kategorie", "SingleFrage", "GruppenFrage", "Game_ID") VALUES (137, 'Ich hab noch nie im Bett meiner Eltern Sex gehabt', '18+', false, true, 2);
INSERT INTO public."Fragen" ("Fragen_ID", "Frage", "Kategorie", "SingleFrage", "GruppenFrage", "Game_ID") VALUES (138, 'Ich hab noch nie im Bett meiner Eltern Sex gehabt', 'Party', false, true, 2);
INSERT INTO public."Fragen" ("Fragen_ID", "Frage", "Kategorie", "SingleFrage", "GruppenFrage", "Game_ID") VALUES (139, 'Ich hab noch nie einen Amateur-Porno gedreht', '18+', false, true, 2);
INSERT INTO public."Fragen" ("Fragen_ID", "Frage", "Kategorie", "SingleFrage", "GruppenFrage", "Game_ID") VALUES (140, 'Ich hab noch nie jemanden geschwängert', '18+', false, true, 2);
INSERT INTO public."Fragen" ("Fragen_ID", "Frage", "Kategorie", "SingleFrage", "GruppenFrage", "Game_ID") VALUES (141, 'Ich hab noch nie was mit dem Bruder/der Schwester eines Mitspielers gehabt', '18+', false, true, 2);
INSERT INTO public."Fragen" ("Fragen_ID", "Frage", "Kategorie", "SingleFrage", "GruppenFrage", "Game_ID") VALUES (142, 'Ich hab noch nie was mit dem Bruder/der Schwester eines Mitspielers gehabt', 'Party', false, true, 2);
INSERT INTO public."Fragen" ("Fragen_ID", "Frage", "Kategorie", "SingleFrage", "GruppenFrage", "Game_ID") VALUES (143, 'Ich hab noch nie jemanden wegen seines Penis ausgelacht', '18+', false, true, 2);
INSERT INTO public."Fragen" ("Fragen_ID", "Frage", "Kategorie", "SingleFrage", "GruppenFrage", "Game_ID") VALUES (144, 'Ich hab noch nie eine Person, die ich kenne, auf einer Pornoseite gesehen', '18+', false, true, 2);
INSERT INTO public."Fragen" ("Fragen_ID", "Frage", "Kategorie", "SingleFrage", "GruppenFrage", "Game_ID") VALUES (145, 'Ich hab noch nie einen Porno geguckt, bei dem ich danach gedacht hab “was ist verkehrt mit mir”', 'Party', false, true, 2);
INSERT INTO public."Fragen" ("Fragen_ID", "Frage", "Kategorie", "SingleFrage", "GruppenFrage", "Game_ID") VALUES (146, 'Ich hab noch nie einen Porno geguckt, bei dem ich danach gedacht hab “was ist verkehrt mit mir”', '18+', false, true, 2);
INSERT INTO public."Fragen" ("Fragen_ID", "Frage", "Kategorie", "SingleFrage", "GruppenFrage", "Game_ID") VALUES (147, 'Ich hab noch nie einen erotischen Traum von einem meiner Mitspieler gehabt', 'Party', false, true, 2);
INSERT INTO public."Fragen" ("Fragen_ID", "Frage", "Kategorie", "SingleFrage", "GruppenFrage", "Game_ID") VALUES (148, 'Ich hab noch nie einen erotischen Traum von einem meiner Mitspieler gehabt', '18+', false, true, 2);
INSERT INTO public."Fragen" ("Fragen_ID", "Frage", "Kategorie", "SingleFrage", "GruppenFrage", "Game_ID") VALUES (149, 'Ich hab noch nie das Verlangen gehabt, meinen Partner zu betrügen', '18+', false, true, 2);
INSERT INTO public."Fragen" ("Fragen_ID", "Frage", "Kategorie", "SingleFrage", "GruppenFrage", "Game_ID") VALUES (150, 'Ich hab noch nie mit jemandem geschlafen und es dann geleugnet, weil die Person hässlich war', 'Party', false, true, 2);
INSERT INTO public."Fragen" ("Fragen_ID", "Frage", "Kategorie", "SingleFrage", "GruppenFrage", "Game_ID") VALUES (151, 'Ich hab noch nie mit jemandem geschlafen und es dann geleugnet, weil die Person hässlich war', '18+', false, true, 2);
INSERT INTO public."Fragen" ("Fragen_ID", "Frage", "Kategorie", "SingleFrage", "GruppenFrage", "Game_ID") VALUES (152, 'Ich hab noch nie mit einem Verwandten geschlafen', '18+', false, true, 2);
INSERT INTO public."Fragen" ("Fragen_ID", "Frage", "Kategorie", "SingleFrage", "GruppenFrage", "Game_ID") VALUES (153, 'Ich hab noch nie mit einem Verwandten geschlafen', 'Party', false, true, 2);
INSERT INTO public."Fragen" ("Fragen_ID", "Frage", "Kategorie", "SingleFrage", "GruppenFrage", "Game_ID") VALUES (154, 'Ich habe noch nie von jemand anderen Körperflüssigkeiten gekostet', 'Party', false, true, 2);
INSERT INTO public."Fragen" ("Fragen_ID", "Frage", "Kategorie", "SingleFrage", "GruppenFrage", "Game_ID") VALUES (155, 'Ich habe noch nie von jemand anderen Körperflüssigkeiten gekostet', '18+', false, true, 2);
INSERT INTO public."Fragen" ("Fragen_ID", "Frage", "Kategorie", "SingleFrage", "GruppenFrage", "Game_ID") VALUES (156, 'Ich habe noch nie nach einer Stunde nach dem Treffen mit jemandem geschlafen', '18+', false, true, 2);
INSERT INTO public."Fragen" ("Fragen_ID", "Frage", "Kategorie", "SingleFrage", "GruppenFrage", "Game_ID") VALUES (157, 'Ich habe noch nie draußen S*x gehabt', '18+', false, true, 2);
INSERT INTO public."Fragen" ("Fragen_ID", "Frage", "Kategorie", "SingleFrage", "GruppenFrage", "Game_ID") VALUES (158, 'Ich habe noch nie draußen S*x gehabt', 'Party', false, true, 2);
INSERT INTO public."Fragen" ("Fragen_ID", "Frage", "Kategorie", "SingleFrage", "GruppenFrage", "Game_ID") VALUES (159, 'Ich habe noch nie beim ersten Date geküsst', 'Party', false, true, 2);
INSERT INTO public."Fragen" ("Fragen_ID", "Frage", "Kategorie", "SingleFrage", "GruppenFrage", "Game_ID") VALUES (161, 'Ich habe noch nie mit jemandem geflirtet, obwohl ich vergeben war', '18+', false, true, 2);
INSERT INTO public."Fragen" ("Fragen_ID", "Frage", "Kategorie", "SingleFrage", "GruppenFrage", "Game_ID") VALUES (162, 'Ich habe noch nie mit jemandem geflirtet, obwohl ich vergeben war', 'Party', false, true, 2);
INSERT INTO public."Fragen" ("Fragen_ID", "Frage", "Kategorie", "SingleFrage", "GruppenFrage", "Game_ID") VALUES (163, 'Ich habe noch nie die Schamhaare meines Partners rasiert', 'Party', false, true, 2);
INSERT INTO public."Fragen" ("Fragen_ID", "Frage", "Kategorie", "SingleFrage", "GruppenFrage", "Game_ID") VALUES (164, 'Ich habe noch nie die Schamhaare meines Partners rasiert', '18+', false, true, 2);
INSERT INTO public."Fragen" ("Fragen_ID", "Frage", "Kategorie", "SingleFrage", "GruppenFrage", "Game_ID") VALUES (165, 'Ich habe noch nie im Auto masturbiert', '18+', false, true, 2);
INSERT INTO public."Fragen" ("Fragen_ID", "Frage", "Kategorie", "SingleFrage", "GruppenFrage", "Game_ID") VALUES (166, 'Ich habe noch nie mit dem anderen Geschlecht geduscht', '18+', false, true, 2);
INSERT INTO public."Fragen" ("Fragen_ID", "Frage", "Kategorie", "SingleFrage", "GruppenFrage", "Game_ID") VALUES (167, 'Ich habe noch nie mit dem anderen Geschlecht geduscht', 'Party', false, true, 2);
INSERT INTO public."Fragen" ("Fragen_ID", "Frage", "Kategorie", "SingleFrage", "GruppenFrage", "Game_ID") VALUES (168, 'Ich habe noch nie ein S*x-Spielzeug gekauft / benutzt', 'Party', false, true, 2);
INSERT INTO public."Fragen" ("Fragen_ID", "Frage", "Kategorie", "SingleFrage", "GruppenFrage", "Game_ID") VALUES (169, 'Ich habe noch nie ein S*x-Spielzeug gekauft / benutzt', '18+', false, true, 2);
INSERT INTO public."Fragen" ("Fragen_ID", "Frage", "Kategorie", "SingleFrage", "GruppenFrage", "Game_ID") VALUES (170, 'Ich habe noch nie in einem Zimmer eines anderen Familienmitglieds S*x gehabt', '18+', false, true, 2);
INSERT INTO public."Fragen" ("Fragen_ID", "Frage", "Kategorie", "SingleFrage", "GruppenFrage", "Game_ID") VALUES (171, 'Ich habe noch nie in einem Zimmer eines anderen Familienmitglieds S*x gehabt', 'Party', false, true, 2);
INSERT INTO public."Fragen" ("Fragen_ID", "Frage", "Kategorie", "SingleFrage", "GruppenFrage", "Game_ID") VALUES (172, 'Ich habe noch nie mit mehr als einer Person innerhalb von 24 Stunden geschlafen.', 'Party', false, true, 2);
INSERT INTO public."Fragen" ("Fragen_ID", "Frage", "Kategorie", "SingleFrage", "GruppenFrage", "Game_ID") VALUES (173, 'Ich habe noch nie mit mehr als einer Person innerhalb von 24 Stunden geschlafen.', '18+', false, true, 2);
INSERT INTO public."Fragen" ("Fragen_ID", "Frage", "Kategorie", "SingleFrage", "GruppenFrage", "Game_ID") VALUES (174, 'Ich habe noch nie einen One-Night-Stand gehabt', '18+', false, true, 2);
INSERT INTO public."Fragen" ("Fragen_ID", "Frage", "Kategorie", "SingleFrage", "GruppenFrage", "Game_ID") VALUES (175, 'Ich habe noch nie einen One-Night-Stand gehabt', 'Party', false, true, 2);
INSERT INTO public."Fragen" ("Fragen_ID", "Frage", "Kategorie", "SingleFrage", "GruppenFrage", "Game_ID") VALUES (176, 'Ich habe noch nie Telefonsex gehabt. ', 'Party', false, true, 2);
INSERT INTO public."Fragen" ("Fragen_ID", "Frage", "Kategorie", "SingleFrage", "GruppenFrage", "Game_ID") VALUES (177, 'Ich habe noch nie Telefonsex gehabt. ', '18+', false, true, 2);
INSERT INTO public."Fragen" ("Fragen_ID", "Frage", "Kategorie", "SingleFrage", "GruppenFrage", "Game_ID") VALUES (178, 'Ich habe noch nie jemanden entjungfert.', '18+', false, true, 2);
INSERT INTO public."Fragen" ("Fragen_ID", "Frage", "Kategorie", "SingleFrage", "GruppenFrage", "Game_ID") VALUES (179, 'Ich habe noch nie jemanden entjungfert.', 'Party', false, true, 2);
INSERT INTO public."Fragen" ("Fragen_ID", "Frage", "Kategorie", "SingleFrage", "GruppenFrage", "Game_ID") VALUES (180, 'Ich habe noch nie Sex gehabt, während eine andere Person im Raum war. ', 'Party', false, true, 2);
INSERT INTO public."Fragen" ("Fragen_ID", "Frage", "Kategorie", "SingleFrage", "GruppenFrage", "Game_ID") VALUES (181, 'Ich habe noch nie Sex gehabt, während eine andere Person im Raum war. ', '18+', false, true, 2);
INSERT INTO public."Fragen" ("Fragen_ID", "Frage", "Kategorie", "SingleFrage", "GruppenFrage", "Game_ID") VALUES (182, 'Ich habe noch nie Sex im Schwimmbad gehabt. ', '18+', false, true, 2);
INSERT INTO public."Fragen" ("Fragen_ID", "Frage", "Kategorie", "SingleFrage", "GruppenFrage", "Game_ID") VALUES (183, 'Ich habe noch nie Sex im Schwimmbad gehabt. ', 'Party', false, true, 2);
INSERT INTO public."Fragen" ("Fragen_ID", "Frage", "Kategorie", "SingleFrage", "GruppenFrage", "Game_ID") VALUES (184, 'Ich habe noch nie meine Eltern beim Sex erwischt', 'Party', false, true, 2);
INSERT INTO public."Fragen" ("Fragen_ID", "Frage", "Kategorie", "SingleFrage", "GruppenFrage", "Game_ID") VALUES (185, 'Ich habe noch nie meine Eltern beim Sex erwischt', '18+', false, true, 2);
INSERT INTO public."Fragen" ("Fragen_ID", "Frage", "Kategorie", "SingleFrage", "GruppenFrage", "Game_ID") VALUES (186, 'Ich habe noch nie eine Affäre mit einem vergebenen Mann/Frau gehabt. ', '18+', false, true, 2);
INSERT INTO public."Fragen" ("Fragen_ID", "Frage", "Kategorie", "SingleFrage", "GruppenFrage", "Game_ID") VALUES (187, 'Ich habe noch nie eine Affäre mit einem vergebenen Mann/Frau gehabt. ', 'Party', false, true, 2);


--
-- Data for Name: Games; Type: TABLE DATA; Schema: public; Owner: -
--

INSERT INTO public."Games" ("Game_ID", "Name", "Kategorien", "Public", "questionGame") VALUES (4, 'Busfahrer', 'Standard', false, false);
INSERT INTO public."Games" ("Game_ID", "Name", "Kategorien", "Public", "questionGame") VALUES (5, 'Pferderennen', 'Standard', false, false);
INSERT INTO public."Games" ("Game_ID", "Name", "Kategorien", "Public", "questionGame") VALUES (3, 'Würdest du eher', 'Standard;Pervers', false, true);
INSERT INTO public."Games" ("Game_ID", "Name", "Kategorien", "Public", "questionGame") VALUES (2, 'Ich hab noch nie', 'Party;18+', true, true);
INSERT INTO public."Games" ("Game_ID", "Name", "Kategorien", "Public", "questionGame") VALUES (1, 'Trinkspiel Fragen', 'Party;', true, true);
INSERT INTO public."Games" ("Game_ID", "Name", "Kategorien", "Public", "questionGame") VALUES (6, 'Wahl, Wahrheit oder Pflicht', '-', false, false);


--
-- Data for Name: User; Type: TABLE DATA; Schema: public; Owner: -
--

INSERT INTO public."User" ("User_ID", "Password", "Username", "Admin") VALUES (1, 'Admin1234', 'Admin', true);
INSERT INTO public."User" ("User_ID", "Password", "Username", "Admin") VALUES (4, '1234', 'Rapi821', true);


--
-- Data for Name: user_sessions; Type: TABLE DATA; Schema: public; Owner: -
--

INSERT INTO public.user_sessions (sid, sess, expire) VALUES ('70Nea-A8wElHvGMbGpip14npTXtmpH0_', '{"cookie":{"originalMaxAge":2592000000,"expires":"2023-02-24T11:25:12.990Z","secure":false,"httpOnly":true,"path":"/"},"user":{"User_ID":1,"Password":"Admin1234","Username":"Admin","Admin":true}}', '2023-03-12 13:52:58');
INSERT INTO public.user_sessions (sid, sess, expire) VALUES ('QQ9XAaKMkXM4OwLv4ReO23wbF2EPlrNr', '{"cookie":{"originalMaxAge":2591999999,"expires":"2023-04-01T09:14:08.156Z","secure":false,"httpOnly":true,"path":"/"},"user":{"User_ID":4,"Password":"1234","Username":"Rapi821","Admin":false}}', '2023-04-01 11:14:09');


--
-- Name: ActiveGame_Active_ID_seq; Type: SEQUENCE SET; Schema: public; Owner: -
--

SELECT pg_catalog.setval('public."ActiveGame_Active_ID_seq"', 33, true);


--
-- Name: Fragen_Fragen_ID_seq; Type: SEQUENCE SET; Schema: public; Owner: -
--

SELECT pg_catalog.setval('public."Fragen_Fragen_ID_seq"', 187, true);


--
-- Name: Games_Game_ID_seq; Type: SEQUENCE SET; Schema: public; Owner: -
--

SELECT pg_catalog.setval('public."Games_Game_ID_seq"', 3, true);


--
-- Name: User_User_ID_seq; Type: SEQUENCE SET; Schema: public; Owner: -
--

SELECT pg_catalog.setval('public."User_User_ID_seq"', 4, true);


--
-- Name: ActiveGame ActiveGame_pkey; Type: CONSTRAINT; Schema: public; Owner: -
--

ALTER TABLE ONLY public."ActiveGame"
    ADD CONSTRAINT "ActiveGame_pkey" PRIMARY KEY ("Active_ID");


--
-- Name: Fragen Fragen_pkey; Type: CONSTRAINT; Schema: public; Owner: -
--

ALTER TABLE ONLY public."Fragen"
    ADD CONSTRAINT "Fragen_pkey" PRIMARY KEY ("Fragen_ID");


--
-- Name: Games Games_pkey; Type: CONSTRAINT; Schema: public; Owner: -
--

ALTER TABLE ONLY public."Games"
    ADD CONSTRAINT "Games_pkey" PRIMARY KEY ("Game_ID");


--
-- Name: User User_pkey; Type: CONSTRAINT; Schema: public; Owner: -
--

ALTER TABLE ONLY public."User"
    ADD CONSTRAINT "User_pkey" PRIMARY KEY ("User_ID");


--
-- Name: user_sessions user_sessions_pk; Type: CONSTRAINT; Schema: public; Owner: -
--

ALTER TABLE ONLY public.user_sessions
    ADD CONSTRAINT user_sessions_pk PRIMARY KEY (sid);


--
-- Name: Fragen Game_ForeignKey; Type: FK CONSTRAINT; Schema: public; Owner: -
--

ALTER TABLE ONLY public."Fragen"
    ADD CONSTRAINT "Game_ForeignKey" FOREIGN KEY ("Game_ID") REFERENCES public."Games"("Game_ID");


--
-- Name: ActiveGame Game_ID_Key; Type: FK CONSTRAINT; Schema: public; Owner: -
--

ALTER TABLE ONLY public."ActiveGame"
    ADD CONSTRAINT "Game_ID_Key" FOREIGN KEY ("Game_ID") REFERENCES public."Games"("Game_ID") NOT VALID;


--
-- Name: ActiveGame User_Created_Key; Type: FK CONSTRAINT; Schema: public; Owner: -
--

ALTER TABLE ONLY public."ActiveGame"
    ADD CONSTRAINT "User_Created_Key" FOREIGN KEY ("User_Created") REFERENCES public."User"("User_ID") NOT VALID;


--
-- PostgreSQL database dump complete
--

